#{"t_start": 1775963853.2924392, "env_id": "FetchReach-v4"}
r,l,t
-50.0,50,0.119052
-50.0,50,0.191577
-50.0,50,0.819281
-50.0,50,1.316096
-50.0,50,1.814784
-50.0,50,2.311158
-50.0,50,2.834496
-50.0,50,3.378987
-50.0,50,3.913955
-50.0,50,4.41913
-50.0,50,4.926792
-50.0,50,5.441082
-50.0,50,5.951811
-50.0,50,6.448744
-50.0,50,6.944351
-50.0,50,7.443033
-50.0,50,7.941896
-50.0,50,8.447768
-50.0,50,8.963468
-50.0,50,9.48423
-49.0,50,10.026711
-50.0,50,10.542418
-48.0,50,11.055739
-50.0,50,11.569393
-50.0,50,12.087775
-50.0,50,12.607936
-50.0,50,13.122862
-50.0,50,13.643644
-50.0,50,14.165231
-50.0,50,14.686766
-33.0,50,15.215744
-50.0,50,15.738265
-50.0,50,16.259598
-50.0,50,16.777629
-50.0,50,17.29374
-44.0,50,17.793499
-50.0,50,18.298725
-50.0,50,18.807255
-50.0,50,19.30297
-49.0,50,19.797686
-50.0,50,20.299766
-50.0,50,20.793981
-50.0,50,21.317145
-50.0,50,21.815676
-50.0,50,22.323935
-50.0,50,22.827615
-50.0,50,23.328182
-50.0,50,23.833293
-50.0,50,24.335449
-48.0,50,24.84426
-50.0,50,25.3588
-50.0,50,25.865911
-50.0,50,26.378927
-50.0,50,26.886709
-50.0,50,27.394249
-50.0,50,27.913924
-50.0,50,28.450481
-50.0,50,28.972627
-50.0,50,29.48938
-50.0,50,30.009679
-50.0,50,30.531906
-50.0,50,31.05308
-50.0,50,31.57282
-50.0,50,32.095683
-50.0,50,32.622076
-50.0,50,33.137344
-50.0,50,33.651485
-45.0,50,34.170152
-50.0,50,34.710942
-50.0,50,35.238851
-50.0,50,35.755422
-50.0,50,36.269711
-50.0,50,36.797831
-50.0,50,37.332357
-50.0,50,37.853543
-50.0,50,38.375574
-50.0,50,38.900226
-47.0,50,39.421
-50.0,50,39.943121
-50.0,50,40.464464
-50.0,50,40.990776
-50.0,50,41.511976
-49.0,50,42.03153
-50.0,50,42.551436
-50.0,50,43.080612
-50.0,50,43.602365
-50.0,50,44.137522
-47.0,50,44.659548
-48.0,50,45.186928
-50.0,50,45.705797
-50.0,50,46.224424
-50.0,50,46.745758
-50.0,50,47.268274
-49.0,50,47.788109
-47.0,50,48.310352
-50.0,50,48.846484
-50.0,50,49.378892
-50.0,50,49.910235
-50.0,50,50.428925
-49.0,50,50.950393
-50.0,50,51.472148
-49.0,50,51.994538
-50.0,50,52.520208
-50.0,50,53.049318
-50.0,50,53.584572
-50.0,50,54.113655
-50.0,50,54.640588
-50.0,50,55.168134
-50.0,50,55.69384
-50.0,50,56.239869
-50.0,50,56.760078
-50.0,50,57.320373
-50.0,50,57.861504
-50.0,50,58.381255
-50.0,50,58.917975
-50.0,50,59.436925
-35.0,50,59.964991
-50.0,50,60.490869
-50.0,50,61.013356
-50.0,50,61.540736
-43.0,50,62.066333
-50.0,50,62.57645
-50.0,50,63.084141
-50.0,50,63.598338
-49.0,50,64.120667
-50.0,50,64.638744
-45.0,50,65.14839
-50.0,50,65.657794
-49.0,50,66.174671
-50.0,50,66.682692
-50.0,50,67.190655
-46.0,50,67.700107
-50.0,50,68.211465
-50.0,50,68.720165
-50.0,50,69.238257
-50.0,50,69.752879
-50.0,50,70.263418
-49.0,50,70.776279
-50.0,50,71.303963
-50.0,50,71.863669
-38.0,50,72.398744
-47.0,50,72.923966
-43.0,50,73.453168
-50.0,50,73.975111
-50.0,50,74.507728
-50.0,50,75.04032
-50.0,50,75.567232
-50.0,50,76.099968
-50.0,50,76.632294
-50.0,50,77.161777
-46.0,50,77.691595
-50.0,50,78.216212
-50.0,50,78.736467
-50.0,50,79.243174
-50.0,50,79.759206
-50.0,50,80.276378
-48.0,50,80.796272
-49.0,50,81.30899
-50.0,50,81.822792
-50.0,50,82.335923
-49.0,50,82.855524
-49.0,50,83.362815
-50.0,50,83.881326
-50.0,50,84.391633
-50.0,50,84.905897
-50.0,50,85.411243
-35.0,50,85.934517
-50.0,50,86.46941
-44.0,50,87.021473
-50.0,50,87.573185
-44.0,50,88.101171
-50.0,50,88.634378
-50.0,50,89.168173
-50.0,50,89.695799
-50.0,50,90.232222
-50.0,50,90.772674
-50.0,50,91.300736
-50.0,50,91.837616
-50.0,50,92.370847
-50.0,50,92.905447
-50.0,50,93.445957
-50.0,50,93.966703
-50.0,50,94.492414
-47.0,50,95.007598
-50.0,50,95.531676
-50.0,50,96.050924
-50.0,50,96.56908
-50.0,50,97.089758
-50.0,50,97.611524
-50.0,50,98.125869
-48.0,50,98.665206
-48.0,50,99.197664
-50.0,50,99.737812
-50.0,50,100.267396
-50.0,50,100.783093
-50.0,50,101.292144
-50.0,50,101.807131
-50.0,50,102.315987
-50.0,50,102.82706
-50.0,50,103.340967
-50.0,50,104.448834
-49.0,50,104.966935
-50.0,50,105.487942
-47.0,50,106.017171
-50.0,50,106.541594
-50.0,50,107.058796
-50.0,50,107.579131
-50.0,50,108.094163
-50.0,50,108.618186
-50.0,50,109.145809
-50.0,50,109.724962
-50.0,50,110.271126
-50.0,50,110.803844
-50.0,50,111.349895
-50.0,50,111.894662
-50.0,50,112.434086
-50.0,50,112.991676
-50.0,50,113.525468
-50.0,50,114.056439
-50.0,50,114.592334
-50.0,50,115.135064
-50.0,50,115.668809
-50.0,50,116.204907
-50.0,50,116.741344
-50.0,50,117.277306
-48.0,50,117.805882
-50.0,50,118.328478
-50.0,50,118.852944
-50.0,50,119.371011
-50.0,50,119.893395
-45.0,50,120.422431
-50.0,50,120.947092
-50.0,50,121.474423
-50.0,50,121.996655
-50.0,50,122.51726
-50.0,50,123.033115
-50.0,50,123.547502
-50.0,50,124.066592
-50.0,50,124.581547
-50.0,50,125.097588
-47.0,50,125.624179
-47.0,50,126.145589
-50.0,50,126.6663
-50.0,50,127.180834
-42.0,50,127.700871
-50.0,50,128.223989
-50.0,50,128.74627
-50.0,50,129.269084
-50.0,50,129.825941
-50.0,50,130.340714
-50.0,50,130.855377
-49.0,50,131.367524
-50.0,50,131.887547
-50.0,50,132.404182
-50.0,50,132.924727
-50.0,50,133.432474
-50.0,50,133.947249
-50.0,50,134.479167
-50.0,50,135.014049
-47.0,50,135.548177
-50.0,50,136.084484
-50.0,50,136.614202
-50.0,50,137.14436
-50.0,50,137.677741
-50.0,50,138.218281
-50.0,50,138.754516
-50.0,50,139.287568
-50.0,50,139.816121
-50.0,50,140.362206
-50.0,50,140.892485
-50.0,50,141.418227
-50.0,50,141.947387
-50.0,50,142.487046
-50.0,50,143.021589
-43.0,50,143.585151
-47.0,50,144.12256
-50.0,50,144.643257
-45.0,50,145.156059
-50.0,50,145.666929
-50.0,50,146.188354
-50.0,50,146.711663
-50.0,50,147.248717
-50.0,50,147.794895
-50.0,50,148.334384
-50.0,50,148.881976
-50.0,50,149.413085
-50.0,50,149.957327
-50.0,50,150.493242
-50.0,50,151.032374
-50.0,50,151.570083
-48.0,50,152.099844
-36.0,50,152.635266
-50.0,50,153.183048
-44.0,50,153.721146
-50.0,50,154.261923
-50.0,50,154.797314
-50.0,50,155.338594
-50.0,50,155.872645
-50.0,50,156.417907
-50.0,50,156.957539
-45.0,50,157.49245
-50.0,50,158.035151
-50.0,50,158.588983
-50.0,50,159.122087
-50.0,50,159.664318
-43.0,50,160.207187
-50.0,50,160.745992
-50.0,50,161.295246
-50.0,50,161.835444
-50.0,50,162.377893
-50.0,50,162.920112
-50.0,50,163.464212
-50.0,50,164.012247
-50.0,50,164.557128
-50.0,50,165.126518
-50.0,50,165.675015
-40.0,50,166.22213
-50.0,50,166.76742
-44.0,50,167.30109
-50.0,50,167.839709
-50.0,50,168.377794
-50.0,50,168.922107
-50.0,50,169.462493
-50.0,50,170.008087
-50.0,50,170.554807
-50.0,50,171.084622
-50.0,50,171.6151
-49.0,50,172.150929
-50.0,50,172.66178
-50.0,50,173.182067
-50.0,50,173.70944
-49.0,50,174.231871
-46.0,50,174.76167
-50.0,50,175.284413
-50.0,50,175.802672
-50.0,50,176.314798
-50.0,50,176.836628
-39.0,50,177.351756
-48.0,50,177.869222
-50.0,50,178.384879
-49.0,50,178.905195
-50.0,50,179.418242
-50.0,50,179.931431
-50.0,50,180.446987
-50.0,50,180.967822
-50.0,50,181.484215
-50.0,50,182.000238
-50.0,50,182.514501
-47.0,50,183.041251
-44.0,50,183.565602
-38.0,50,184.088212
-20.0,50,184.608351
-50.0,50,185.138932
-50.0,50,185.657174
-50.0,50,186.176973
-50.0,50,186.700222
-50.0,50,187.214221
-36.0,50,187.723759
-50.0,50,188.236492
-45.0,50,188.748186
-50.0,50,189.26798
-49.0,50,189.777028
-50.0,50,190.286049
-50.0,50,190.796099
-50.0,50,191.311307
-50.0,50,191.825517
-50.0,50,192.344856
-50.0,50,192.86526
-50.0,50,193.395661
-50.0,50,193.917228
-50.0,50,194.435697
-50.0,50,194.957574
-50.0,50,195.481365
-50.0,50,196.006196
-50.0,50,196.527094
-47.0,50,197.045881
-23.0,50,197.570799
-50.0,50,198.091753
-50.0,50,198.606389
-50.0,50,199.120154
-50.0,50,199.642001
-50.0,50,200.162913
-50.0,50,200.686706
-26.0,50,201.212616
-50.0,50,201.739955
-50.0,50,202.263906
-50.0,50,202.791507
-46.0,50,203.313742
-50.0,50,203.855758
-50.0,50,204.380833
-50.0,50,204.906186
-40.0,50,205.446597
-48.0,50,205.994355
-50.0,50,206.536856
-45.0,50,207.077335
-50.0,50,207.634915
-50.0,50,208.169023
-50.0,50,208.707534
-50.0,50,209.23723
-50.0,50,209.765826
-50.0,50,210.8545
-50.0,50,211.388528
-50.0,50,211.921032
-49.0,50,212.454427
-50.0,50,212.989963
-50.0,50,213.524033
-46.0,50,214.059267
-50.0,50,214.593373
-5.0,50,215.129053
-50.0,50,215.676379
-50.0,50,216.211416
-35.0,50,216.743901
-50.0,50,217.290315
-50.0,50,217.823712
-50.0,50,218.368643
-45.0,50,218.897796
-50.0,50,219.44456
-48.0,50,219.983403
-50.0,50,220.539596
-50.0,50,221.081503
-50.0,50,221.641726
-49.0,50,222.181543
-50.0,50,222.707911
-50.0,50,223.244476
-50.0,50,223.783723
-50.0,50,224.315515
-9.0,50,224.844987
-50.0,50,225.379767
-48.0,50,225.912338
-50.0,50,226.453149
-50.0,50,226.991453
-48.0,50,227.526289
-50.0,50,228.077809
-50.0,50,228.617788
-50.0,50,229.171914
-50.0,50,229.69926
-49.0,50,230.232982
-50.0,50,230.765294
-42.0,50,231.298105
-50.0,50,231.824609
-50.0,50,232.356915
-50.0,50,232.884048
-49.0,50,233.405429
-48.0,50,233.928456
-50.0,50,234.455733
-50.0,50,234.974948
-25.0,50,235.498427
-50.0,50,236.016857
-50.0,50,236.53084
-50.0,50,237.046628
-29.0,50,237.56003
-49.0,50,238.076209
-50.0,50,238.602787
-50.0,50,239.123394
-50.0,50,239.643186
-50.0,50,240.166147
-50.0,50,240.723479
-50.0,50,241.285023
-50.0,50,241.813693
-50.0,50,242.33528
-34.0,50,242.86164
-50.0,50,243.379613
-50.0,50,243.896123
-43.0,50,244.403582
-50.0,50,244.920739
-50.0,50,245.435642
-40.0,50,245.948657
-50.0,50,246.460217
-50.0,50,246.9686
-45.0,50,247.476841
-48.0,50,247.986207
-42.0,50,248.498667
-48.0,50,249.018204
-50.0,50,249.532259
-44.0,50,250.039034
-50.0,50,250.549302
-50.0,50,251.068943
-50.0,50,251.582809
-49.0,50,252.085979
-50.0,50,252.595922
-50.0,50,253.109181
-50.0,50,253.617051
-50.0,50,254.129901
-50.0,50,254.636684
-50.0,50,255.149348
-7.0,50,255.690246
-50.0,50,256.223403
-30.0,50,256.771673
-50.0,50,257.312998
-50.0,50,257.844738
-50.0,50,258.371275
-50.0,50,258.914441
-50.0,50,259.463467
-50.0,50,259.990569
-50.0,50,260.518225
-7.0,50,261.048868
-50.0,50,261.58516
-50.0,50,262.116109
-50.0,50,262.644264
-8.0,50,263.16968
-49.0,50,263.691356
-50.0,50,264.21367
-50.0,50,264.729547
-50.0,50,265.244737
-48.0,50,265.762285
-50.0,50,266.282585
-50.0,50,266.806856
-50.0,50,267.332878
-50.0,50,267.860338
-50.0,50,268.377786
-50.0,50,268.892992
-50.0,50,269.397793
-50.0,50,269.91834
-50.0,50,270.437154
-50.0,50,270.952018
-48.0,50,271.465117
-50.0,50,271.977178
-48.0,50,272.501477
-50.0,50,273.019683
-29.0,50,273.534311
-50.0,50,274.05088
-47.0,50,274.565609
-49.0,50,275.080015
-50.0,50,275.596684
-23.0,50,276.120479
-46.0,50,276.63888
-50.0,50,277.147367
-43.0,50,277.662718
-50.0,50,278.176179
-42.0,50,278.690133
-49.0,50,279.195315
-48.0,50,279.713876
-50.0,50,280.238174
-50.0,50,280.762041
-50.0,50,281.28297
-50.0,50,281.786798
-50.0,50,282.302987
-45.0,50,282.819085
-50.0,50,283.341916
-47.0,50,283.862772
-43.0,50,284.380239
-37.0,50,284.893658
-46.0,50,285.403026
-50.0,50,285.912368
-50.0,50,286.425173
-47.0,50,286.935596
-50.0,50,287.442822
-23.0,50,287.966007
-50.0,50,288.496675
-49.0,50,289.013074
-50.0,50,289.530669
-50.0,50,290.050947
-48.0,50,290.575289
-38.0,50,291.08304
-50.0,50,291.602379
-50.0,50,292.12728
-35.0,50,292.657037
-50.0,50,293.179554
-50.0,50,293.696912
-4.0,50,294.217739
-50.0,50,294.741249
-50.0,50,295.253687
-50.0,50,295.761391
-47.0,50,296.283424
-47.0,50,296.803133
-50.0,50,297.319453
-50.0,50,297.833728
-14.0,50,298.371506
-50.0,50,298.906809
-35.0,50,299.445145
-48.0,50,299.976722
-50.0,50,300.521168
-49.0,50,301.061981
-47.0,50,301.592691
-50.0,50,302.119359
-44.0,50,302.652415
-39.0,50,303.183931
-50.0,50,303.71754
-7.0,50,304.250461
-50.0,50,304.774334
-49.0,50,305.318112
-50.0,50,305.856039
-48.0,50,306.421285
-38.0,50,306.947843
-50.0,50,307.477469
-50.0,50,308.015861
-47.0,50,308.532835
-50.0,50,309.049617
-45.0,50,309.565575
-50.0,50,310.078894
-50.0,50,310.596503
-50.0,50,311.109685
-29.0,50,311.618713
-47.0,50,312.130847
-48.0,50,312.662657
-43.0,50,313.186987
-41.0,50,313.701049
-49.0,50,314.205933
-50.0,50,314.714951
-45.0,50,315.221826
-50.0,50,316.323578
-48.0,50,316.874839
-50.0,50,317.414304
-48.0,50,317.947778
-50.0,50,318.494806
-46.0,50,319.018399
-15.0,50,319.548974
-40.0,50,320.088712
-45.0,50,320.634454
-50.0,50,321.171727
-29.0,50,321.713216
-47.0,50,322.244728
-50.0,50,322.78242
-29.0,50,323.352056
-50.0,50,323.882248
-23.0,50,324.419192
-50.0,50,324.965688
-50.0,50,325.494675
-45.0,50,326.022141
-13.0,50,326.578055
-46.0,50,327.129017
-36.0,50,327.653332
-23.0,50,328.179797
-50.0,50,328.721347
-50.0,50,329.263867
-50.0,50,329.789265
-47.0,50,330.315926
-33.0,50,330.845065
-34.0,50,331.382119
-49.0,50,331.909238
-50.0,50,332.437977
-46.0,50,332.964447
-6.0,50,333.508441
-38.0,50,334.015019
-23.0,50,334.531693
-50.0,50,335.04767
-19.0,50,335.560738
-26.0,50,336.069575
-39.0,50,336.581802
-49.0,50,337.089646
-50.0,50,337.603412
-30.0,50,338.110762
-47.0,50,338.633623
-50.0,50,339.163513
-13.0,50,339.705095
-50.0,50,340.246509
-33.0,50,340.769669
-11.0,50,341.29086
-17.0,50,341.819947
-5.0,50,342.351529
-14.0,50,342.881003
-8.0,50,343.409738
-45.0,50,343.934306
-16.0,50,344.460731
-50.0,50,344.985023
-50.0,50,345.511377
-33.0,50,346.039783
-4.0,50,346.562978
-30.0,50,347.080874
-4.0,50,347.61146
-41.0,50,348.139445
-46.0,50,348.685616
-20.0,50,349.19516
-50.0,50,349.710967
-16.0,50,350.224515
-12.0,50,350.738795
-49.0,50,351.264405
-21.0,50,351.780558
-6.0,50,352.305256
-42.0,50,352.809206
-46.0,50,353.315839
-19.0,50,353.819394
-23.0,50,354.330158
-32.0,50,354.8338
-44.0,50,355.336797
-50.0,50,355.841192
-33.0,50,356.357928
-21.0,50,356.862025
-33.0,50,357.373912
-16.0,50,357.887794
-50.0,50,358.415983
-41.0,50,358.933207
-4.0,50,359.448273
-41.0,50,359.95108
-39.0,50,360.471128
-43.0,50,360.980758
-3.0,50,361.498047
-11.0,50,362.011948
-43.0,50,362.530535
-43.0,50,363.044011
-22.0,50,363.550719
-8.0,50,364.051995
-34.0,50,364.561616
-22.0,50,365.073968
-6.0,50,365.581488
-35.0,50,366.093576
-1.0,50,366.610254
-50.0,50,367.116941
-50.0,50,367.629337
-2.0,50,368.157652
-36.0,50,368.672294
-34.0,50,369.190999
-50.0,50,369.71864
-40.0,50,370.224002
-13.0,50,370.76516
-50.0,50,371.288939
-4.0,50,371.816111
-35.0,50,372.350469
-50.0,50,372.889639
-28.0,50,373.426518
-44.0,50,373.959995
-17.0,50,374.486395
-4.0,50,375.017622
-45.0,50,375.556846
-4.0,50,376.0952
-22.0,50,376.630787
-5.0,50,377.161287
-50.0,50,377.704111
-17.0,50,378.235791
-50.0,50,378.768717
-20.0,50,379.301919
-22.0,50,379.82685
-9.0,50,380.358976
-26.0,50,380.883585
-50.0,50,381.410738
-37.0,50,381.935545
-24.0,50,382.46034
-30.0,50,382.985231
-22.0,50,383.51398
-50.0,50,384.037198
-1.0,50,384.562247
-50.0,50,385.085365
-41.0,50,385.607729
-3.0,50,386.129712
-40.0,50,386.646276
-17.0,50,387.153179
-43.0,50,387.667213
-50.0,50,388.192615
-42.0,50,388.706081
-49.0,50,389.217059
-16.0,50,389.744042
-50.0,50,390.267131
-30.0,50,390.775837
-48.0,50,391.30804
-44.0,50,391.83682
-10.0,50,392.360459
-4.0,50,392.915085
-50.0,50,393.463886
-50.0,50,393.998069
-32.0,50,394.532262
-50.0,50,395.055766
-36.0,50,395.579358
-50.0,50,396.108026
-49.0,50,396.634841
-25.0,50,397.168869
-16.0,50,397.701653
-50.0,50,398.24237
-50.0,50,398.775247
-50.0,50,399.298482
-49.0,50,399.830329
-4.0,50,400.354815
-50.0,50,400.865542
-16.0,50,401.369005
-12.0,50,401.871742
-50.0,50,402.38747
-50.0,50,402.89904
-50.0,50,403.40637
-5.0,50,403.921209
-4.0,50,404.441725
-50.0,50,404.945568
-50.0,50,405.457699
-50.0,50,405.97286
-20.0,50,406.496535
-47.0,50,407.012108
-4.0,50,407.523785
-50.0,50,408.027666
-23.0,50,408.540076
-49.0,50,409.050858
-39.0,50,409.575328
-18.0,50,410.086348
-50.0,50,410.598373
-34.0,50,411.10041
-50.0,50,411.606309
-45.0,50,412.11799
-37.0,50,412.634274
-50.0,50,413.143
-50.0,50,413.657672
-27.0,50,414.167589
-41.0,50,414.673452
-20.0,50,415.176466
-10.0,50,415.686584
-30.0,50,416.200848
-6.0,50,416.730108
-49.0,50,417.248635
-50.0,50,417.764207
-50.0,50,418.27757
-50.0,50,418.804077
-40.0,50,419.318086
-41.0,50,419.834897
-50.0,50,420.390145
-14.0,50,421.456139
-48.0,50,421.987343
-50.0,50,422.512051
-38.0,50,423.037813
-47.0,50,423.568525
-26.0,50,424.100316
-50.0,50,424.626207
-50.0,50,425.155126
-30.0,50,425.685709
-42.0,50,426.213765
-4.0,50,426.759977
-6.0,50,427.298266
-17.0,50,427.831566
-48.0,50,428.360402
-50.0,50,428.904758
-3.0,50,429.437124
-50.0,50,429.968515
-50.0,50,430.494792
-36.0,50,431.022729
-45.0,50,431.549103
-31.0,50,432.075197
-50.0,50,432.598983
-3.0,50,433.136045
-50.0,50,433.682409
-50.0,50,434.241622
-31.0,50,434.767193
-10.0,50,435.303911
-46.0,50,435.838217
-50.0,50,436.380944
-50.0,50,436.906739
-50.0,50,437.446109
-50.0,50,437.978408
-30.0,50,438.539004
-15.0,50,439.081477
-50.0,50,439.607107
-50.0,50,440.129854
-48.0,50,440.665343
-6.0,50,441.188935
-46.0,50,441.711337
-7.0,50,442.238074
-48.0,50,442.775598
-50.0,50,443.311115
-45.0,50,443.838289
-50.0,50,444.363841
-15.0,50,444.892242
-49.0,50,445.415733
-39.0,50,445.958417
-50.0,50,446.492744
-30.0,50,447.074635
-39.0,50,447.606619
-37.0,50,448.140924
-50.0,50,448.684176
-50.0,50,449.22554
-44.0,50,449.75174
-50.0,50,450.294744
-50.0,50,450.834476
-30.0,50,451.417616
-50.0,50,451.949244
-50.0,50,452.481146
-50.0,50,453.029154
-21.0,50,453.562479
-2.0,50,454.102644
-40.0,50,454.638929
-50.0,50,455.165117
-46.0,50,455.696577
-50.0,50,456.233251
-50.0,50,456.759968
-16.0,50,457.285054
-7.0,50,457.822332
-39.0,50,458.356327
-18.0,50,458.912954
-50.0,50,459.438799
-36.0,50,459.966473
-50.0,50,460.493642
-50.0,50,461.016643
-22.0,50,461.53819
-50.0,50,462.066143
-50.0,50,462.595512
-3.0,50,463.13212
0.0,50,463.654661
-50.0,50,464.187166
-22.0,50,464.707568
-50.0,50,465.231786
-6.0,50,465.754567
-24.0,50,466.285647
-33.0,50,466.806416
-3.0,50,467.331017
-50.0,50,467.855272
-50.0,50,468.382933
-7.0,50,468.905182
-3.0,50,469.421182
-28.0,50,469.926976
-3.0,50,470.435901
-37.0,50,470.944807
-14.0,50,471.468284
-48.0,50,471.992343
-31.0,50,472.527873
-18.0,50,473.054955
-49.0,50,473.580216
0.0,50,474.111142
-49.0,50,474.641724
-50.0,50,475.169087
-46.0,50,475.697818
-32.0,50,476.221247
-50.0,50,476.748465
-50.0,50,477.280273
-17.0,50,477.811378
-50.0,50,478.3316
-50.0,50,478.84892
-10.0,50,479.359942
-28.0,50,479.87671
-42.0,50,480.399256
-40.0,50,480.927513
-3.0,50,481.471379
-50.0,50,482.000499
-50.0,50,482.529361
-50.0,50,483.05881
-50.0,50,483.590738
-14.0,50,484.122103
-20.0,50,484.646401
-50.0,50,485.178679
-50.0,50,485.707943
-50.0,50,486.237152
-3.0,50,486.774094
-40.0,50,487.306181
-49.0,50,487.837947
-12.0,50,488.365325
-1.0,50,488.89999
-50.0,50,489.433108
-22.0,50,489.959932
-50.0,50,490.487471
-50.0,50,491.016153
-50.0,50,491.544015
-31.0,50,492.071558
-50.0,50,492.594611
-44.0,50,493.11617
-11.0,50,493.639373
-50.0,50,494.170924
-50.0,50,494.690922
-50.0,50,495.212507
-50.0,50,495.743955
-50.0,50,496.26834
-7.0,50,496.788623
-50.0,50,497.308527
-44.0,50,497.834282
-4.0,50,498.349901
-3.0,50,498.869845
-43.0,50,499.389018
-43.0,50,499.913046
-2.0,50,500.435155
-24.0,50,500.957505
-29.0,50,501.476683
-42.0,50,502.00264
-50.0,50,502.522532
-6.0,50,503.051629
-50.0,50,503.572351
-1.0,50,504.098805
-50.0,50,504.620879
-50.0,50,505.144657
-50.0,50,505.671907
-50.0,50,506.196835
-25.0,50,506.726269
-43.0,50,507.253329
-24.0,50,507.769654
-47.0,50,508.29653
-50.0,50,508.818624
-39.0,50,509.334961
-49.0,50,509.855313
-31.0,50,510.384226
-16.0,50,510.904714
-50.0,50,511.425163
-50.0,50,511.945001
-41.0,50,512.469314
-50.0,50,512.987499
-50.0,50,513.517538
-31.0,50,514.040909
-16.0,50,514.579351
-50.0,50,515.098413
-1.0,50,515.617275
-50.0,50,516.136953
-50.0,50,516.659451
-36.0,50,517.177544
-19.0,50,517.70603
-4.0,50,518.233227
-50.0,50,518.765846
-48.0,50,519.285401
-21.0,50,519.807944
-37.0,50,520.345209
-50.0,50,520.870762
-43.0,50,521.391687
-2.0,50,521.910148
-21.0,50,522.444542
-2.0,50,522.9682
-50.0,50,523.489738
-50.0,50,524.011418
-32.0,50,524.543099
-8.0,50,525.073354
-50.0,50,525.591437
-50.0,50,526.112036
-21.0,50,526.633524
-16.0,50,527.681919
-2.0,50,528.205522
-22.0,50,528.739164
-27.0,50,529.262871
-47.0,50,529.790453
-50.0,50,530.314653
-50.0,50,530.848878
-50.0,50,531.369726
-50.0,50,531.89775
-39.0,50,532.418573
-1.0,50,532.943694
-6.0,50,533.471367
-50.0,50,534.005054
-50.0,50,534.526493
-28.0,50,535.061185
-50.0,50,535.585521
-47.0,50,536.114332
-50.0,50,536.637
-40.0,50,537.161401
-48.0,50,537.687722
-9.0,50,538.22782
-50.0,50,538.766367
-5.0,50,539.307051
-34.0,50,539.840447
-41.0,50,540.375591
-14.0,50,540.90621
-50.0,50,541.435552
-50.0,50,541.966847
-50.0,50,542.509576
-50.0,50,543.035397
-7.0,50,543.542612
-22.0,50,544.050486
-50.0,50,544.559439
-50.0,50,545.069551
-21.0,50,545.589975
-26.0,50,546.106606
-50.0,50,546.625301
-50.0,50,547.141683
-50.0,50,547.674204
-47.0,50,548.183151
-49.0,50,548.694805
0.0,50,549.201229
-50.0,50,549.705126
0.0,50,550.225187
-33.0,50,550.757202
-41.0,50,551.282685
-50.0,50,551.808235
-30.0,50,552.3384
-50.0,50,552.863434
-29.0,50,553.386129
-45.0,50,553.90938
-12.0,50,554.465051
-50.0,50,555.013402
-50.0,50,555.53911
-9.0,50,556.077967
-50.0,50,556.614541
-50.0,50,557.165703
-50.0,50,557.695887
-50.0,50,558.225601
-2.0,50,558.752045
-50.0,50,559.277829
-7.0,50,559.798932
-50.0,50,560.309204
-50.0,50,560.820289
-50.0,50,561.34616
-2.0,50,561.863528
-12.0,50,562.380495
-2.0,50,562.883653
-18.0,50,563.402374
-5.0,50,563.928895
-50.0,50,564.452078
-50.0,50,564.978403
-44.0,50,565.511062
-50.0,50,566.063799
-49.0,50,566.583055
-5.0,50,567.10705
-45.0,50,567.653418
-5.0,50,568.18526
0.0,50,568.712895
-50.0,50,569.245322
-50.0,50,569.774481
-50.0,50,570.292986
-50.0,50,570.827659
-50.0,50,571.358082
-35.0,50,571.902478
-50.0,50,572.428471
-50.0,50,572.96175
-50.0,50,573.48882
-50.0,50,574.022113
-36.0,50,574.548532
-4.0,50,575.086393
-48.0,50,575.616406
-50.0,50,576.149293
-50.0,50,576.671906
-35.0,50,577.193942
-50.0,50,577.72137
0.0,50,578.247201
-48.0,50,578.77745
-22.0,50,579.305483
-50.0,50,579.824866
-13.0,50,580.356776
-6.0,50,580.864968
-15.0,50,581.392348
-4.0,50,581.90324
-50.0,50,582.421278
-43.0,50,582.938397
-50.0,50,583.468446
-50.0,50,584.048525
-50.0,50,584.59963
-50.0,50,585.151413
-6.0,50,585.696544
-7.0,50,586.240794
-50.0,50,586.788279
-50.0,50,587.320154
-47.0,50,587.886055
-50.0,50,588.433725
-1.0,50,588.972756
-50.0,50,589.501724
-50.0,50,590.042689
-50.0,50,590.574376
0.0,50,591.104199
-50.0,50,591.638282
-50.0,50,592.215164
-50.0,50,592.73777
-5.0,50,593.267079
-10.0,50,593.793037
-19.0,50,594.325305
-50.0,50,594.849348
-50.0,50,595.376237
-50.0,50,595.898274
0.0,50,596.4231
-49.0,50,596.947598
-50.0,50,597.47592
-47.0,50,598.004125
-48.0,50,598.518839
-32.0,50,599.025983
-6.0,50,599.546206
-2.0,50,600.06207
-47.0,50,600.606229
-50.0,50,601.134437
-50.0,50,601.66727
-50.0,50,602.20929
-25.0,50,602.730414
-50.0,50,603.248185
-50.0,50,603.760227
-50.0,50,604.285269
-49.0,50,604.809983
-50.0,50,605.333727
-29.0,50,605.862915
-50.0,50,606.401724
-2.0,50,606.925376
-50.0,50,607.44879
-50.0,50,607.974243
-4.0,50,608.514494
-37.0,50,609.036689
-50.0,50,609.559736
-50.0,50,610.102887
-50.0,50,610.639148
-50.0,50,611.157743
-48.0,50,611.68162
-6.0,50,612.207783
-50.0,50,612.762693
-50.0,50,613.340179
-50.0,50,613.953181
-50.0,50,614.529375
-50.0,50,615.079067
-43.0,50,615.613047
-2.0,50,616.139823
0.0,50,616.671352
-29.0,50,617.196351
-50.0,50,617.7449
-4.0,50,618.274482
-5.0,50,618.813624
-24.0,50,619.342023
-41.0,50,619.876601
-50.0,50,620.416088
-27.0,50,620.948323
-50.0,50,621.477119
-48.0,50,622.003467
-49.0,50,622.538379
-5.0,50,623.084196
-47.0,50,623.612529
-50.0,50,624.127257
-7.0,50,624.638762
0.0,50,625.153568
-26.0,50,625.661458
-48.0,50,626.180942
-7.0,50,626.686726
-25.0,50,627.197933
-49.0,50,627.705474
-50.0,50,628.21914
-50.0,50,628.739961
-11.0,50,629.25528
-16.0,50,629.765443
-50.0,50,630.271502
-49.0,50,630.784038
-1.0,50,631.305201
-1.0,50,631.819558
-45.0,50,632.334641
-34.0,50,632.849693
-47.0,50,633.912466
-50.0,50,634.424298
-50.0,50,634.929242
-50.0,50,635.447645
-50.0,50,635.973571
-15.0,50,636.477649
-4.0,50,636.979827
-50.0,50,637.484922
-4.0,50,638.011931
-30.0,50,638.521791
-49.0,50,639.049884
-50.0,50,639.58087
-4.0,50,640.10857
0.0,50,640.639757
-47.0,50,641.165968
-49.0,50,641.688418
-50.0,50,642.218258
-50.0,50,642.740696
-50.0,50,643.281237
-12.0,50,643.809658
-50.0,50,644.342777
-6.0,50,644.865839
-15.0,50,645.394558
-43.0,50,645.925589
0.0,50,646.456432
-33.0,50,646.981372
-3.0,50,647.519283
-50.0,50,648.04622
-30.0,50,648.577387
-40.0,50,649.114735
-50.0,50,649.643172
-50.0,50,650.185571
-6.0,50,650.727941
-20.0,50,651.259941
-33.0,50,651.786646
-47.0,50,652.317606
-50.0,50,652.84795
-50.0,50,653.374659
-50.0,50,653.900576
-3.0,50,654.425903
-50.0,50,654.95387
-50.0,50,655.473128
-50.0,50,656.007732
-45.0,50,656.53102
-2.0,50,657.053223
-1.0,50,657.573291
-1.0,50,658.092023
-50.0,50,658.629076
-50.0,50,659.187546
-50.0,50,659.708795
-50.0,50,660.243864
-50.0,50,660.765193
-48.0,50,661.30593
-50.0,50,661.826343
-50.0,50,662.364881
-50.0,50,662.881814
-50.0,50,663.405921
-48.0,50,663.935935
-2.0,50,664.521631
-17.0,50,665.050873
-20.0,50,665.590176
-50.0,50,666.12831
-50.0,50,666.656152
-50.0,50,667.202175
-29.0,50,667.730856
-50.0,50,668.273717
-50.0,50,668.827478
-1.0,50,669.362451
-44.0,50,670.009331
-7.0,50,670.537066
-16.0,50,671.069724
-6.0,50,671.640859
-48.0,50,672.224981
-50.0,50,672.749721
-20.0,50,673.286079
-2.0,50,673.825697
-23.0,50,674.365626
-37.0,50,674.915972
-50.0,50,675.467627
-50.0,50,675.99896
-45.0,50,676.550833
-50.0,50,677.076908
-1.0,50,677.60544
-50.0,50,678.131096
-47.0,50,678.679844
-2.0,50,679.210019
-15.0,50,679.741366
-44.0,50,680.289734
-50.0,50,680.823807
-16.0,50,681.374553
-50.0,50,681.942271
-5.0,50,682.480389
-50.0,50,683.028177
-19.0,50,683.553309
-44.0,50,684.083952
-1.0,50,684.618314
-50.0,50,685.157178
-46.0,50,685.696448
-50.0,50,686.221122
-46.0,50,686.745636
-49.0,50,687.276783
-28.0,50,687.813832
-3.0,50,688.338606
-31.0,50,688.869017
-28.0,50,689.407146
-8.0,50,689.934726
-50.0,50,690.474525
-2.0,50,691.010455
-50.0,50,691.545884
-15.0,50,692.071799
-28.0,50,692.597908
-45.0,50,693.119132
-39.0,50,693.653571
-48.0,50,694.182616
-50.0,50,694.717222
-50.0,50,695.252754
-47.0,50,695.778679
-50.0,50,696.326073
-50.0,50,696.848874
-47.0,50,697.388932
-50.0,50,697.934106
-32.0,50,698.463278
-50.0,50,699.003127
-41.0,50,699.541429
-44.0,50,700.069287
-49.0,50,700.594206
-42.0,50,701.118219
-33.0,50,701.642514
-1.0,50,702.173016
-50.0,50,702.713958
-34.0,50,703.249633
-49.0,50,703.775549
-50.0,50,704.28394
0.0,50,704.792827
-50.0,50,705.29765
-9.0,50,705.800664
-1.0,50,706.311089
-50.0,50,706.812413
-48.0,50,707.315017
-39.0,50,707.819658
-43.0,50,708.332687
-50.0,50,708.859162
-38.0,50,709.407317
-50.0,50,709.919848
-28.0,50,710.434909
-49.0,50,710.954855
-50.0,50,711.459883
-50.0,50,711.963805
-50.0,50,712.470972
-34.0,50,712.988738
-50.0,50,713.50872
-48.0,50,714.0247
-50.0,50,714.547659
-38.0,50,715.098065
-48.0,50,715.635474
-5.0,50,716.171794
-27.0,50,716.701618
-50.0,50,717.22888
-12.0,50,717.752251
-20.0,50,718.284178
-31.0,50,718.811442
-50.0,50,719.337657
-5.0,50,719.858814
-4.0,50,720.396031
-42.0,50,720.925896
-43.0,50,721.448005
-6.0,50,721.96745
-12.0,50,722.496629
-46.0,50,723.021923
-49.0,50,723.542888
-4.0,50,724.0774
-50.0,50,724.608704
-15.0,50,725.145075
-28.0,50,725.683314
-50.0,50,726.20903
-11.0,50,726.71622
-42.0,50,727.226159
-13.0,50,727.735416
-50.0,50,728.25783
-50.0,50,728.763822
-50.0,50,729.281748
-46.0,50,729.7898
-9.0,50,730.299019
-42.0,50,730.813334
-9.0,50,731.337512
-3.0,50,731.847494
-33.0,50,732.37465
-49.0,50,732.891464
-50.0,50,733.423902
-10.0,50,733.942103
-50.0,50,734.496544
-48.0,50,735.01581
-41.0,50,735.527136
-50.0,50,736.057103
-3.0,50,736.576739
-15.0,50,737.086283
-50.0,50,737.617298
-22.0,50,738.134397
-50.0,50,738.692249
-48.0,50,739.209161
-50.0,50,740.273246
-48.0,50,740.790714
-2.0,50,741.319272
-49.0,50,741.839112
-50.0,50,742.347129
-20.0,50,742.865313
-50.0,50,743.368356
-50.0,50,743.87753
0.0,50,744.385918
-50.0,50,744.917324
-2.0,50,745.435205
-3.0,50,745.950952
-18.0,50,746.463733
-50.0,50,746.981863
-1.0,50,747.485482
-21.0,50,747.997584
-46.0,50,748.518376
-10.0,50,749.060693
-7.0,50,749.600674
-16.0,50,750.11709
-50.0,50,750.639411
-28.0,50,751.156667
-5.0,50,751.68147
-43.0,50,752.207939
-50.0,50,752.745491
-50.0,50,753.286931
-23.0,50,753.79488
-13.0,50,754.311331
-50.0,50,754.833192
-50.0,50,755.344315
-50.0,50,755.862192
-45.0,50,756.378107
-5.0,50,756.89902
-48.0,50,757.413923
-50.0,50,757.931763
-50.0,50,758.45085
-50.0,50,758.962485
-50.0,50,759.470846
-12.0,50,759.997389
-31.0,50,760.506514
-50.0,50,761.023747
-50.0,50,761.529531
-48.0,50,762.037712
-50.0,50,762.545686
0.0,50,763.066911
-50.0,50,763.60592
-16.0,50,764.139814
-50.0,50,764.677162
-27.0,50,765.208929
-2.0,50,765.736219
-1.0,50,766.269239
-45.0,50,766.800717
-49.0,50,767.34563
0.0,50,767.888027
-47.0,50,768.428776
-50.0,50,768.990093
-50.0,50,769.542672
-14.0,50,770.074031
-23.0,50,770.604836
-50.0,50,771.15543
-9.0,50,771.71111
-2.0,50,772.243478
-1.0,50,772.767018
-41.0,50,773.29832
-50.0,50,773.834263
-12.0,50,774.365999
-15.0,50,774.909883
-46.0,50,775.439529
-50.0,50,776.002104
0.0,50,776.522478
-45.0,50,777.044274
-50.0,50,777.574878
-45.0,50,778.101443
-50.0,50,778.630897
-33.0,50,779.170249
-42.0,50,779.700233
-5.0,50,780.23674
-20.0,50,780.789724
-7.0,50,781.349931
-50.0,50,781.872998
-1.0,50,782.401087
-29.0,50,782.930733
-50.0,50,783.459591
-23.0,50,783.986873
-46.0,50,784.518788
-50.0,50,785.05855
-7.0,50,785.585747
-50.0,50,786.112352
-16.0,50,786.655404
-50.0,50,787.179369
-50.0,50,787.72474
-50.0,50,788.253218
-2.0,50,788.786867
-3.0,50,789.312669
-35.0,50,789.840184
-50.0,50,790.360343
-50.0,50,790.883719
0.0,50,791.397368
-8.0,50,791.937022
-50.0,50,792.485482
-1.0,50,793.01939
-3.0,50,793.54629
-5.0,50,794.071971
-34.0,50,794.626972
0.0,50,795.157455
0.0,50,795.685445
-8.0,50,796.214847
-50.0,50,796.743306
-2.0,50,797.285886
-8.0,50,797.812279
-50.0,50,798.33797
-34.0,50,798.867867
-2.0,50,799.398215
-50.0,50,799.931946
-50.0,50,800.467813
-8.0,50,801.007348
-5.0,50,801.540217
-43.0,50,802.07419
-50.0,50,802.631932
-50.0,50,803.159867
-3.0,50,803.697571
-2.0,50,804.239318
-5.0,50,804.769469
-50.0,50,805.306926
-2.0,50,805.857103
-1.0,50,806.406121
0.0,50,806.942277
-50.0,50,807.471033
-27.0,50,808.001296
-50.0,50,808.53354
-50.0,50,809.074272
-22.0,50,809.615116
0.0,50,810.146375
-28.0,50,810.673957
-50.0,50,811.198027
-1.0,50,811.723262
-47.0,50,812.256877
-50.0,50,812.784317
-50.0,50,813.322681
-50.0,50,813.848336
-13.0,50,814.380756
-47.0,50,814.912553
-50.0,50,815.444777
-15.0,50,815.975467
-14.0,50,816.518411
-48.0,50,817.045964
-50.0,50,817.579484
-50.0,50,818.124009
-3.0,50,818.656788
-1.0,50,819.183604
-34.0,50,819.714736
-47.0,50,820.248021
-50.0,50,820.782118
0.0,50,821.323019
-13.0,50,821.851016
-50.0,50,822.372799
-50.0,50,822.921083
-40.0,50,823.451274
-8.0,50,823.984858
-46.0,50,824.514742
-12.0,50,825.040369
-8.0,50,825.565593
-1.0,50,826.092374
-11.0,50,826.631446
-16.0,50,827.159708
-35.0,50,827.681829
-30.0,50,828.207529
-50.0,50,828.738372
-50.0,50,829.26856
-50.0,50,829.792741
-10.0,50,830.320336
-50.0,50,830.841522
-34.0,50,831.371477
-50.0,50,831.895403
-4.0,50,832.420802
-50.0,50,832.949115
-26.0,50,833.477338
-4.0,50,834.005197
-6.0,50,834.512403
-50.0,50,835.029921
-1.0,50,835.538455
-50.0,50,836.056323
-1.0,50,836.557868
-2.0,50,837.061208
-50.0,50,837.578618
-34.0,50,838.080905
-50.0,50,838.599591
-2.0,50,839.116131
-10.0,50,839.641262
-22.0,50,840.152236
-28.0,50,840.667103
-50.0,50,841.19098
-50.0,50,841.708172
-26.0,50,842.224955
-32.0,50,842.738764
-50.0,50,843.267666
-30.0,50,843.775379
-3.0,50,844.294608
-50.0,50,844.804191
-50.0,50,845.309571
-5.0,50,846.357299
-2.0,50,846.872823
-48.0,50,847.391155
-50.0,50,847.910871
-50.0,50,848.417313
-33.0,50,848.920833
-49.0,50,849.425759
-49.0,50,849.9294
-13.0,50,850.44401
-3.0,50,850.952136
-13.0,50,851.468554
-39.0,50,851.990004
-6.0,50,852.512466
-49.0,50,853.033928
-9.0,50,853.5612
-49.0,50,854.08484
-50.0,50,854.617397
-8.0,50,855.136745
-15.0,50,855.656054
-50.0,50,856.175689
-50.0,50,856.707548
-46.0,50,857.226711
-50.0,50,857.746524
-10.0,50,858.271204
-50.0,50,858.833782
-45.0,50,859.36278
-50.0,50,859.890466
-50.0,50,860.422378
-3.0,50,860.950639
-50.0,50,861.486929
0.0,50,862.011784
-5.0,50,862.54
-12.0,50,863.072632
-30.0,50,863.599148
0.0,50,864.128973
-47.0,50,864.655276
-18.0,50,865.188678
-1.0,50,865.713182
-46.0,50,866.236185
-4.0,50,866.767758
-3.0,50,867.294781
-1.0,50,867.824044
-13.0,50,868.348952
-46.0,50,868.880153
-12.0,50,869.415011
-41.0,50,869.943027
0.0,50,870.473045
-50.0,50,871.028213
-15.0,50,871.575121
-50.0,50,872.114354
0.0,50,872.646177
-50.0,50,873.19732
-50.0,50,873.745248
-2.0,50,874.269088
-19.0,50,874.80238
-45.0,50,875.329637
-45.0,50,875.859552
-2.0,50,876.387601
-50.0,50,876.926592
0.0,50,877.455809
-14.0,50,877.984349
-6.0,50,878.511509
-46.0,50,879.039158
-50.0,50,879.5865
-15.0,50,880.122391
-50.0,50,880.658587
-3.0,50,881.183384
-37.0,50,881.71365
-50.0,50,882.269608
-50.0,50,882.79879
-3.0,50,883.325518
-50.0,50,883.878145
-50.0,50,884.411627
-1.0,50,884.934319
-18.0,50,885.469342
-1.0,50,886.004299
-4.0,50,886.533397
-5.0,50,887.057072
0.0,50,887.581017
-34.0,50,888.108015
-19.0,50,888.639241
-50.0,50,889.178608
-50.0,50,889.712319
-1.0,50,890.234779
-50.0,50,890.779596
-50.0,50,891.300128
-2.0,50,891.835739
-50.0,50,892.375488
0.0,50,892.905623
-1.0,50,893.435866
-50.0,50,893.984541
-42.0,50,894.509811
-46.0,50,895.046378
-50.0,50,895.584335
-1.0,50,896.10753
-50.0,50,896.632193
-42.0,50,897.162414
0.0,50,897.68889
-47.0,50,898.230256
-25.0,50,898.767902
-8.0,50,899.299827
-50.0,50,899.825698
-50.0,50,900.382061
-1.0,50,900.911456
-47.0,50,901.458712
-12.0,50,901.997789
-9.0,50,902.525217
-26.0,50,903.052582
-2.0,50,903.581471
-3.0,50,904.110358
-50.0,50,904.652621
-48.0,50,905.180094
-50.0,50,905.725817
-3.0,50,906.256246
-10.0,50,906.78073
-46.0,50,907.306196
-4.0,50,907.836515
0.0,50,908.36229
-17.0,50,908.89189
-5.0,50,909.417356
-43.0,50,909.952342
-25.0,50,910.476432
-50.0,50,911.019394
-50.0,50,911.548641
-50.0,50,912.091538
-50.0,50,912.636772
-1.0,50,913.163721
-47.0,50,913.690992
-50.0,50,914.233765
-7.0,50,914.758484
0.0,50,915.284314
0.0,50,915.810808
-32.0,50,916.341129
-8.0,50,916.865395
-5.0,50,917.389791
-5.0,50,917.910352
-50.0,50,918.460819
-46.0,50,918.989377
-3.0,50,919.524605
-5.0,50,920.084826
-50.0,50,920.630075
-2.0,50,921.161288
-50.0,50,921.690116
-50.0,50,922.220876
-17.0,50,922.748672
-15.0,50,923.272214
-50.0,50,923.814484
-48.0,50,924.351568
-4.0,50,924.885139
-2.0,50,925.425004
-3.0,50,925.950707
-50.0,50,926.479333
-41.0,50,927.018642
-3.0,50,927.555039
-14.0,50,928.087078
-1.0,50,928.618639
-3.0,50,929.146254
-2.0,50,929.671418
-50.0,50,930.202974
-50.0,50,930.736481
-50.0,50,931.273363
-50.0,50,931.804578
0.0,50,932.328618
-2.0,50,932.864156
-3.0,50,933.394782
-8.0,50,933.926127
-10.0,50,934.480804
-50.0,50,935.045494
-19.0,50,935.581265
-48.0,50,936.116603
-17.0,50,936.651232
-12.0,50,937.173404
-3.0,50,937.695394
-6.0,50,938.223322
-46.0,50,938.745857
-5.0,50,939.265473
0.0,50,939.799124
0.0,50,940.34295
-50.0,50,940.87684
-5.0,50,941.406146
-2.0,50,941.933146
-9.0,50,942.46335
-50.0,50,943.000072
-2.0,50,943.524724
-47.0,50,944.058744
-50.0,50,944.593655
-50.0,50,945.133544
-11.0,50,945.682559
-1.0,50,946.216588
-10.0,50,946.745839
-50.0,50,947.283355
-5.0,50,947.811302
-50.0,50,948.360289
-5.0,50,948.903623
-49.0,50,949.428889
-3.0,50,949.953904
-18.0,50,950.484555
-50.0,50,951.00843
-50.0,50,951.561971
-47.0,50,952.086663
-39.0,50,953.144396
-46.0,50,953.694463
-50.0,50,954.235021
-3.0,50,954.759209
-47.0,50,955.290507
-3.0,50,955.824404
-50.0,50,956.351627
-32.0,50,956.879735
-3.0,50,957.416968
0.0,50,957.939565
0.0,50,958.462943
-50.0,50,958.987415
-2.0,50,959.523079
-39.0,50,960.060097
-50.0,50,960.599093
-50.0,50,961.139088
-50.0,50,961.719913
-1.0,50,962.229357
-50.0,50,962.749167
-46.0,50,963.260438
-24.0,50,963.771794
-15.0,50,964.278609
-24.0,50,964.789715
-50.0,50,965.306269
-20.0,50,965.831077
-50.0,50,966.352929
-2.0,50,966.871808
-34.0,50,967.389226
-47.0,50,967.898908
-5.0,50,968.407825
-48.0,50,968.917555
-50.0,50,969.438455
-1.0,50,969.958996
-50.0,50,970.498581
-3.0,50,971.04627
-10.0,50,971.575362
-24.0,50,972.109448
0.0,50,972.632324
-50.0,50,973.16697
0.0,50,973.69546
-21.0,50,974.239108
-7.0,50,974.781363
-50.0,50,975.320033
-34.0,50,975.847929
0.0,50,976.380474
-42.0,50,976.908797
-30.0,50,977.434869
-4.0,50,977.976382
-49.0,50,978.52915
-47.0,50,979.052314
0.0,50,979.575868
-41.0,50,980.105636
-46.0,50,980.642159
-8.0,50,981.17043
-50.0,50,981.713671
-3.0,50,982.253417
-50.0,50,982.790514
-49.0,50,983.312669
-3.0,50,983.834689
-50.0,50,984.378356
-1.0,50,984.908165
0.0,50,985.43465
-3.0,50,985.958256
-22.0,50,986.482235
-38.0,50,987.008638
0.0,50,987.530417
-23.0,50,988.053871
-39.0,50,988.591844
0.0,50,989.115654
-3.0,50,989.638793
-50.0,50,990.175895
-50.0,50,990.710622
-2.0,50,991.238688
-49.0,50,991.768
-11.0,50,992.280847
-50.0,50,992.805579
-41.0,50,993.315598
-26.0,50,993.823108
-49.0,50,994.328392
-11.0,50,994.835027
-42.0,50,995.403082
-49.0,50,995.942951
-50.0,50,996.490517
-2.0,50,997.030712
-15.0,50,997.564208
-23.0,50,998.094285
-16.0,50,998.637214
-38.0,50,999.16478
-38.0,50,999.695934
-25.0,50,1000.250414
-50.0,50,1000.768145
-44.0,50,1001.27287
-29.0,50,1001.78851
-45.0,50,1002.299147
-3.0,50,1002.807341
-50.0,50,1003.329969
-9.0,50,1003.859432
-43.0,50,1004.395091
0.0,50,1004.907965
-36.0,50,1005.414445
-1.0,50,1005.943085
-22.0,50,1006.460566
0.0,50,1006.969988
-50.0,50,1007.543359
-40.0,50,1008.077639
-45.0,50,1008.623052
-50.0,50,1009.19337
-2.0,50,1009.792823
-2.0,50,1010.326234
-5.0,50,1010.856608
-15.0,50,1011.382369
-46.0,50,1011.921551
-1.0,50,1012.446782
-5.0,50,1012.973471
-20.0,50,1013.504998
-30.0,50,1014.056213
-2.0,50,1014.592137
-11.0,50,1015.151853
-46.0,50,1015.688817
-2.0,50,1016.209012
-49.0,50,1016.731022
-6.0,50,1017.238974
-1.0,50,1017.74901
-2.0,50,1018.270559
-16.0,50,1018.790358
-50.0,50,1019.313552
-12.0,50,1019.828969
-6.0,50,1020.344639
-48.0,50,1020.862883
-20.0,50,1021.371597
-3.0,50,1021.881758
-8.0,50,1022.393589
-17.0,50,1022.908366
-2.0,50,1023.433707
0.0,50,1023.945881
-32.0,50,1024.462419
-50.0,50,1024.997291
-50.0,50,1025.522408
-47.0,50,1026.03059
-3.0,50,1026.553259
-50.0,50,1027.084026
-47.0,50,1027.607492
-50.0,50,1028.123595
-8.0,50,1028.643111
-30.0,50,1029.157617
-2.0,50,1029.673218
-50.0,50,1030.193407
-50.0,50,1030.705765
-50.0,50,1031.229013
-37.0,50,1031.745728
-32.0,50,1032.264363
-5.0,50,1032.777328
-37.0,50,1033.305
-7.0,50,1033.840529
-50.0,50,1034.391624
-35.0,50,1034.915573
-6.0,50,1035.44871
-29.0,50,1035.975277
-48.0,50,1036.533834
-5.0,50,1037.059782
-1.0,50,1037.593872
-22.0,50,1038.116443
-3.0,50,1038.651348
0.0,50,1039.17247
-29.0,50,1039.697053
-12.0,50,1040.219171
-11.0,50,1040.750687
-40.0,50,1041.279904
-50.0,50,1041.825529
-2.0,50,1042.361049
-33.0,50,1042.880981
0.0,50,1043.403706
-3.0,50,1043.934648
-3.0,50,1044.481405
-50.0,50,1045.012264
-2.0,50,1045.545297
-49.0,50,1046.084493
-2.0,50,1046.612849
-10.0,50,1047.140116
-50.0,50,1047.704907
-18.0,50,1048.234797
-35.0,50,1048.756279
-50.0,50,1049.291411
0.0,50,1049.813544
-3.0,50,1050.344006
-25.0,50,1050.856537
-50.0,50,1051.372782
-49.0,50,1051.88607
-38.0,50,1052.410841
-42.0,50,1052.930911
-2.0,50,1053.448582
-11.0,50,1053.973379
-2.0,50,1054.495654
-16.0,50,1055.008048
-2.0,50,1055.517008
-2.0,50,1056.036347
-47.0,50,1056.554961
0.0,50,1057.071912
-45.0,50,1057.587737
-3.0,50,1058.116741
